name,job_location,job_type,company_name,job_url,company_url
Machine Learning Engineer,"Cairo, Egypt ",Full Time,Block Gemini -,https://wuzzuf.net/jobs/p/dFX9BgcnLm4C-Machine-Learning-Engineer-Block-Gemini-Cairo-Egypt,https://wuzzuf.net/jobs/p/dFX9BgcnLm4C-Machine-Learning-Engineer-Block-Gemini-Cairo-Egypt
Senior Machine Learning Engineer,"Cairo, Egypt ",Full Time,Convertedin -,https://wuzzuf.net/jobs/p/88d2c9JQvKyC-Senior-Machine-Learning-Engineer-Convertedin-Aggregated-Cairo-Egypt,https://wuzzuf.net/jobs/p/88d2c9JQvKyC-Senior-Machine-Learning-Engineer-Convertedin-Aggregated-Cairo-Egypt
Machine Learning Software Engineer,"Cairo, Egypt ",Full Time,DigiSay -,https://wuzzuf.net/jobs/p/uOo7surO9Scf-Machine-Learning-Software-Engineer-DigiSay-Aggregated-Cairo-Egypt,https://wuzzuf.net/jobs/p/uOo7surO9Scf-Machine-Learning-Software-Engineer-DigiSay-Aggregated-Cairo-Egypt
Machine Learning Engineer,"Dubai, United Arab Emirates ",Full Time,Blackstone eIT -,https://wuzzuf.net/jobs/p/2TYSpFUXlRTe-Machine-Learning-Engineer-Blackstone-eIT-Aggregated-Dubai-United-Arab-Emirates,https://wuzzuf.net/jobs/p/2TYSpFUXlRTe-Machine-Learning-Engineer-Blackstone-eIT-Aggregated-Dubai-United-Arab-Emirates
Machine Learning Engineer,"Cairo, Egypt ",Full Time,Convertedin -,https://wuzzuf.net/jobs/p/7ZNfO2FtHE3h-Machine-Learning-Engineer-Convertedin-Aggregated-Cairo-Egypt,https://wuzzuf.net/jobs/p/7ZNfO2FtHE3h-Machine-Learning-Engineer-Convertedin-Aggregated-Cairo-Egypt
Machine Learning Researcher,"Dokki, Giza, Egypt ",Full Time,RDI -,https://wuzzuf.net/jobs/p/GeNMHwjBsatD-Machine-Learning-Researcher-RDI-Giza-Egypt,https://wuzzuf.net/jobs/p/GeNMHwjBsatD-Machine-Learning-Researcher-RDI-Giza-Egypt
Learning & Development Supervisor,"Dubai, United Arab Emirates ",Full Time,"Marriott International, Inc. -",https://wuzzuf.net/jobs/p/4NeoeCIZA8Nw-Learning-Development-Supervisor-Marriott-International-Inc-Dubai-United-Arab-Emirates,https://wuzzuf.net/jobs/p/4NeoeCIZA8Nw-Learning-Development-Supervisor-Marriott-International-Inc-Dubai-United-Arab-Emirates
"Learning & Development Coordinator Human Resources · JA The Resort, Dubai","Dubai, United Arab Emirates ",Full Time,JA Resorts & Hotels -,https://wuzzuf.net/jobs/p/0IW3c6tOvc7x-Learning-Development-Coordinator-Human-Resources-·-JA-The-Resort-Dubai-JA-Resorts-Hotels-Dubai-United-Arab-Emirates,https://wuzzuf.net/jobs/p/0IW3c6tOvc7x-Learning-Development-Coordinator-Human-Resources-·-JA-The-Resort-Dubai-JA-Resorts-Hotels-Dubai-United-Arab-Emirates
Learning & Development Tower Lead | MAF Global Solutions,"Cairo, Egypt ",Full Time,MAJID AL FUTTAIM -,https://wuzzuf.net/jobs/p/NpQnVWmZiIK0-Learning-Development-Tower-Lead-MAF-Global-Solutions-MAJID-AL-FUTTAIM-Cairo-Egypt,https://wuzzuf.net/jobs/p/NpQnVWmZiIK0-Learning-Development-Tower-Lead-MAF-Global-Solutions-MAJID-AL-FUTTAIM-Cairo-Egypt
Senior Learning & Development Manager | MAF Global Solutions | HC,"Cairo, Egypt ",Full Time,MAJID AL FUTTAIM -,https://wuzzuf.net/jobs/p/gI3mgENjGikb-Senior-Learning-Development-Manager-MAF-Global-Solutions-HC-MAJID-AL-FUTTAIM-Cairo-Egypt,https://wuzzuf.net/jobs/p/gI3mgENjGikb-Senior-Learning-Development-Manager-MAF-Global-Solutions-HC-MAJID-AL-FUTTAIM-Cairo-Egypt
Senior Backend Developer with Machine Learning,"Cairo, Egypt ",Full TimeWork From Home,Simply nikah -,https://wuzzuf.net/jobs/p/T98ubaqQlYqP-Senior-Backend-Developer-with-Machine-Learning-Simply-nikah-Cairo-Egypt,https://wuzzuf.net/jobs/p/T98ubaqQlYqP-Senior-Backend-Developer-with-Machine-Learning-Simply-nikah-Cairo-Egypt
Learning & Development Manager - Pre-Opening,"Medina, Saudi Arabia ",Full Time,Al Manakha Rotana -,https://wuzzuf.net/jobs/p/AeqjLnxp9ZG8-Learning-Development-Manager---Pre-Opening-Al-Manakha-Rotana-Medina-Saudi-Arabia,https://wuzzuf.net/jobs/p/AeqjLnxp9ZG8-Learning-Development-Manager---Pre-Opening-Al-Manakha-Rotana-Medina-Saudi-Arabia
Learning & Development Manager,"Cairo, Egypt ",Full Time,Hilton -,https://wuzzuf.net/jobs/p/VVtaP9OeHiqh-Learning-Development-Manager-Hilton-Aggregated-Cairo-Egypt,https://wuzzuf.net/jobs/p/VVtaP9OeHiqh-Learning-Development-Manager-Hilton-Aggregated-Cairo-Egypt
Data Scientist,"Abu Dhabi, United Arab Emirates ",Full Time,Atribs Metscon -,https://wuzzuf.net/jobs/p/H8MX6JFuRlAd-Data-Scientist-Atribs-Metscon-Abu-Dhabi-United-Arab-Emirates,https://wuzzuf.net/jobs/p/H8MX6JFuRlAd-Data-Scientist-Atribs-Metscon-Abu-Dhabi-United-Arab-Emirates
AI Engineer,"Cairo, Egypt ",Full Time,Ewa  -,https://wuzzuf.net/jobs/p/IUYiEB8jWm8w-AI-Engineer-Ewa-Cairo-Egypt,https://wuzzuf.net/jobs/p/IUYiEB8jWm8w-AI-Engineer-Ewa-Cairo-Egypt
Applied Scientist II,"Cairo, Egypt ",Full Time,Microsoft -,https://wuzzuf.net/jobs/p/dmF09kimTFzM-Applied-Scientist-II-Microsoft-Cairo-Egypt,https://wuzzuf.net/jobs/p/dmF09kimTFzM-Applied-Scientist-II-Microsoft-Cairo-Egypt
Applied Scientist,"Cairo, Egypt ",Full Time,Microsoft -,https://wuzzuf.net/jobs/p/znVFe6x7WL9I-Applied-Scientist-Microsoft-Cairo-Egypt,https://wuzzuf.net/jobs/p/znVFe6x7WL9I-Applied-Scientist-Microsoft-Cairo-Egypt
Second Level Technical Support Engineer,"Maadi, Cairo, Egypt ",Full TimeWork From Home,3D Diagnostix -,https://wuzzuf.net/jobs/p/cK4JOajgKKPa-Second-Level-Technical-Support-Engineer-3D-Diagnostix-Cairo-Egypt,https://wuzzuf.net/jobs/p/cK4JOajgKKPa-Second-Level-Technical-Support-Engineer-3D-Diagnostix-Cairo-Egypt
Senior Backend Developer for Flutter App,"Cairo, Egypt ",Full TimeWork From Home,Give Brite -,https://wuzzuf.net/jobs/p/bzWlAsjB7Dbz-Senior-Backend-Developer-for-Flutter-App-Give-Brite-Cairo-Egypt,https://wuzzuf.net/jobs/p/bzWlAsjB7Dbz-Senior-Backend-Developer-for-Flutter-App-Give-Brite-Cairo-Egypt
ML & Data Analytics Senior Specialist,"Cairo, Egypt ",Full Time,Vodafone - Egypt -,https://wuzzuf.net/jobs/p/mWJtYYF0H69H-ML-Data-Analytics-Senior-Specialist-Vodafone---Egypt-Cairo-Egypt,https://wuzzuf.net/jobs/p/mWJtYYF0H69H-ML-Data-Analytics-Senior-Specialist-Vodafone---Egypt-Cairo-Egypt
Data Scientist,"Doha, Qatar ",Full Time,Vistas Global -,https://wuzzuf.net/jobs/p/gacMYmJhiwmr-Data-Scientist-Vistas-Global-Doha-Qatar,https://wuzzuf.net/jobs/p/gacMYmJhiwmr-Data-Scientist-Vistas-Global-Doha-Qatar
AI Engineer,"Dubai, United Arab Emirates ",Full Time,Arqitek Advisory DMCC -,https://wuzzuf.net/jobs/p/k2qSq81jgRzs-AI-Engineer-Arqitek-Advisory-DMCC-Dubai-United-Arab-Emirates,https://wuzzuf.net/jobs/p/k2qSq81jgRzs-AI-Engineer-Arqitek-Advisory-DMCC-Dubai-United-Arab-Emirates
Junior Data Scientist,"Cairo, Egypt ",Full Time,Cultiv -,https://wuzzuf.net/jobs/p/zqp8h57Qt0vc-Junior-Data-Scientist-Cultiv-Cairo-Egypt,https://wuzzuf.net/jobs/p/zqp8h57Qt0vc-Junior-Data-Scientist-Cultiv-Cairo-Egypt
Senior Data Scientist,"Cairo, Egypt ",Full Time,Teradata -,https://wuzzuf.net/jobs/p/LmU8pRfxK2rv-Senior-Data-Scientist-Teradata-Aggregated-Cairo-Egypt,https://wuzzuf.net/jobs/p/LmU8pRfxK2rv-Senior-Data-Scientist-Teradata-Aggregated-Cairo-Egypt
Senior AI Engineer (Computer Vision Focus),"Sheikh Zayed, Giza, Egypt ",Full Time,Lumin -,https://wuzzuf.net/jobs/p/Bz1GQHFDxHEj-Senior-AI-Engineer-Computer-Vision-Focus-Lumin-Giza-Egypt,https://wuzzuf.net/jobs/p/Bz1GQHFDxHEj-Senior-AI-Engineer-Computer-Vision-Focus-Lumin-Giza-Egypt
Data Scientist,"Abu Dhabi, United Arab Emirates ",Full Time,Etihad Airways -,https://wuzzuf.net/jobs/p/sBzMg9lQbgcF-Data-Scientist-Etihad-Airways-Abu-Dhabi-United-Arab-Emirates,https://wuzzuf.net/jobs/p/sBzMg9lQbgcF-Data-Scientist-Etihad-Airways-Abu-Dhabi-United-Arab-Emirates
AI Engineer,"Riyadh, Saudi Arabia ",Full Time,Lucidya -,https://wuzzuf.net/jobs/p/dEcHZZYBpfdG-AI-Engineer-Lucidya-Aggregated-Riyadh-Saudi-Arabia,https://wuzzuf.net/jobs/p/dEcHZZYBpfdG-AI-Engineer-Lucidya-Aggregated-Riyadh-Saudi-Arabia
Data Scientist,"Riyadh, Saudi Arabia ",Full Time,Professional Recruitment -,https://wuzzuf.net/jobs/p/Y28hk5DcLe7b-Data-Scientist-Professional-Recruitment-Riyadh-Saudi-Arabia,https://wuzzuf.net/jobs/p/Y28hk5DcLe7b-Data-Scientist-Professional-Recruitment-Riyadh-Saudi-Arabia
Data Scientist,"Maadi, Cairo, Egypt ",Full Time,DBS -,https://wuzzuf.net/jobs/p/ILwyRZjCXPxK-Data-Scientist-DBS-Cairo-Egypt,https://wuzzuf.net/jobs/p/ILwyRZjCXPxK-Data-Scientist-DBS-Cairo-Egypt
Data Science Instructor,"Nasr City, Cairo, Egypt ",Full TimePart Time,EpsilonAI -,https://wuzzuf.net/jobs/p/14BEtt96p9wi-Data-Science-Instructor-EpsilonAI-Cairo-Egypt,https://wuzzuf.net/jobs/p/14BEtt96p9wi-Data-Science-Instructor-EpsilonAI-Cairo-Egypt
Mid-level AI Engineer,"Nasr City, Cairo, Egypt ",Full Time,Noases -,https://wuzzuf.net/jobs/p/r4Ou1v34QWq3-Mid-level-AI-Engineer-Noases-Cairo-Egypt,https://wuzzuf.net/jobs/p/r4Ou1v34QWq3-Mid-level-AI-Engineer-Noases-Cairo-Egypt
Data Scientist | ML Engineer,"New Cairo, Cairo, Egypt ",Full Time,Giza Systems -,https://wuzzuf.net/jobs/p/SPj0gEhYvHoh-Data-Scientist-ML-Engineer-Giza-Systems-Cairo-Egypt,https://wuzzuf.net/jobs/p/SPj0gEhYvHoh-Data-Scientist-ML-Engineer-Giza-Systems-Cairo-Egypt
AI & Analytics Senior Consultant,"New Cairo, Cairo, Egypt ",Full Time,Robiquity -,https://wuzzuf.net/jobs/p/CwUQ62K1pdvl-AI-Analytics-Senior-Consultant-Robiquity-Cairo-Egypt,https://wuzzuf.net/jobs/p/CwUQ62K1pdvl-AI-Analytics-Senior-Consultant-Robiquity-Cairo-Egypt
Data Scientist,"Maadi, Cairo, Egypt ",Full Time,FlapKap -,https://wuzzuf.net/jobs/p/3KIe5na9XB3K-Data-Scientist-FlapKap-Cairo-Egypt,https://wuzzuf.net/jobs/p/3KIe5na9XB3K-Data-Scientist-FlapKap-Cairo-Egypt
CAD Operator,"Riyadh, Saudi Arabia ",Full Time,Fluor Corporation -,https://wuzzuf.net/jobs/p/JNOhfEmwElOK-CAD-Operator-Fluor-Corporation-Riyadh-Saudi-Arabia,https://wuzzuf.net/jobs/p/JNOhfEmwElOK-CAD-Operator-Fluor-Corporation-Riyadh-Saudi-Arabia
Web Scraping & Crawling Developer,"Giza, Egypt ",Full Time,WSC -,https://wuzzuf.net/jobs/p/s2ZrnwmtyfYT-Web-Scraping-Crawling-Developer-WSC-Giza-Egypt,https://wuzzuf.net/jobs/p/s2ZrnwmtyfYT-Web-Scraping-Crawling-Developer-WSC-Giza-Egypt
Administrative Assistant,"Nasr City, Cairo, Egypt ",Full Time,Tecnogroup -,https://wuzzuf.net/jobs/p/atoKh3wo5Oh7-Administrative-Assistant-Tecnogroup-Cairo-Egypt,https://wuzzuf.net/jobs/p/atoKh3wo5Oh7-Administrative-Assistant-Tecnogroup-Cairo-Egypt
RPA Specialist,"Abu Dhabi, United Arab Emirates ",Full Time,Kinetic Business Solutions & Flow Talent -,https://wuzzuf.net/jobs/p/UbCBsBVs7Tdy-RPA-Specialist-Kinetic-Business-Solutions-Flow-Talent-Abu-Dhabi-United-Arab-Emirates,https://wuzzuf.net/jobs/p/UbCBsBVs7Tdy-RPA-Specialist-Kinetic-Business-Solutions-Flow-Talent-Abu-Dhabi-United-Arab-Emirates
Artificial Intelligence Team Leader,"Mohandessin, Giza, Egypt ",Full Time,Wakeb Data -,https://wuzzuf.net/jobs/p/nc8LxxDcTlIz-Artificial-Intelligence-Team-Leader-Wakeb-Data-Giza-Egypt,https://wuzzuf.net/jobs/p/nc8LxxDcTlIz-Artificial-Intelligence-Team-Leader-Wakeb-Data-Giza-Egypt
Data Scientist - Section Head,"6th of October, Giza, Egypt ",Full Time,IDH -,https://wuzzuf.net/jobs/p/A5JJWFl1OsZi-Data-Scientist---Section-Head-IDH-Giza-Egypt,https://wuzzuf.net/jobs/p/A5JJWFl1OsZi-Data-Scientist---Section-Head-IDH-Giza-Egypt
Technical Lead,"Cairo, Egypt ",Full Time,Block Gemini -,https://wuzzuf.net/jobs/p/HVplsw0CS6hK-Technical-Lead-Block-Gemini-Cairo-Egypt,https://wuzzuf.net/jobs/p/HVplsw0CS6hK-Technical-Lead-Block-Gemini-Cairo-Egypt
Data Engineer,"Maadi, Cairo, Egypt ",Full Time,Cilantro -,https://wuzzuf.net/jobs/p/UBzYQr5WevHy-Data-Engineer-Cilantro-Cairo-Egypt,https://wuzzuf.net/jobs/p/UBzYQr5WevHy-Data-Engineer-Cilantro-Cairo-Egypt
HR Specialist,"Nasr City, Cairo, Egypt ",Full Time,CELESTE -,https://wuzzuf.net/jobs/p/uLwNHuG5mNQu-HR-Specialist-CELESTE-Cairo-Egypt,https://wuzzuf.net/jobs/p/uLwNHuG5mNQu-HR-Specialist-CELESTE-Cairo-Egypt
AI Team Leader,"Nasr City, Cairo, Egypt ",Full Time,Noases -,https://wuzzuf.net/jobs/p/4O9uKPoP5fMy-AI-Team-Leader-Noases-Cairo-Egypt,https://wuzzuf.net/jobs/p/4O9uKPoP5fMy-AI-Team-Leader-Noases-Cairo-Egypt
Senior - Mechanical Engineers - Technical Product Designers,"Nasr City, Cairo, Egypt ",Full TimePart Time,Confidential -,https://wuzzuf.net/jobs/p/ZdXAz8DaANtS-Senior---Mechanical-Engineers---Technical-Product-Designers-Cairo-Egypt,https://wuzzuf.net/jobs/p/ZdXAz8DaANtS-Senior---Mechanical-Engineers---Technical-Product-Designers-Cairo-Egypt
Backend Engineer (PHP/Laravel) (remote),"Dubai, United Arab Emirates ",Full TimeWork From Home,Confidential -,https://wuzzuf.net/jobs/p/4SD7tVigQGnB-Backend-Engineer-PHPLaravel-remote-Dubai-United-Arab-Emirates,https://wuzzuf.net/jobs/p/4SD7tVigQGnB-Backend-Engineer-PHPLaravel-remote-Dubai-United-Arab-Emirates
IOT Team Leader,"Nasr City, Cairo, Egypt ",Full Time,Noases -,https://wuzzuf.net/jobs/p/0c1X5V07DFwg-IOT-Team-Leader-Noases-Cairo-Egypt,https://wuzzuf.net/jobs/p/0c1X5V07DFwg-IOT-Team-Leader-Noases-Cairo-Egypt
Maintenance Engineer,"Maadi, Cairo, Egypt ",Full Time,Promech Engineering -,https://wuzzuf.net/jobs/p/U8oist6zNHKn-Maintenance-Engineer-Promech-Engineering-Cairo-Egypt,https://wuzzuf.net/jobs/p/U8oist6zNHKn-Maintenance-Engineer-Promech-Engineering-Cairo-Egypt
"Program Manager, AMZL MENA ACES","Cairo, Egypt ",Full Time,Amazon MENA -,https://wuzzuf.net/jobs/p/OjgPjOQdbC5n-Program-Manager-AMZL-MENA-ACES-Amazon-MENA-Cairo-Egypt,https://wuzzuf.net/jobs/p/OjgPjOQdbC5n-Program-Manager-AMZL-MENA-ACES-Amazon-MENA-Cairo-Egypt
Business Performance Analyst,"Riyadh, Saudi Arabia ",Full Time,Lucidya -,https://wuzzuf.net/jobs/p/TNtqNMmMgR11-Business-Performance-Analyst-Lucidya-Aggregated-Riyadh-Saudi-Arabia,https://wuzzuf.net/jobs/p/TNtqNMmMgR11-Business-Performance-Analyst-Lucidya-Aggregated-Riyadh-Saudi-Arabia
Performance & Strategy Analyst,"Riyadh, Saudi Arabia ",Full Time,Lucidya -,https://wuzzuf.net/jobs/p/XBlzMUb2yUmg-Performance-Strategy-Analyst-Lucidya-Aggregated-Riyadh-Saudi-Arabia,https://wuzzuf.net/jobs/p/XBlzMUb2yUmg-Performance-Strategy-Analyst-Lucidya-Aggregated-Riyadh-Saudi-Arabia
Senior Azure DevOps Engineer,"Cairo, Egypt ",Full Time,Tristratus.ltd -,https://wuzzuf.net/jobs/p/R7HEtxjgPJ9M-Senior-Azure-DevOps-Engineer-Tristratus-ltd-Cairo-Egypt,https://wuzzuf.net/jobs/p/R7HEtxjgPJ9M-Senior-Azure-DevOps-Engineer-Tristratus-ltd-Cairo-Egypt
Quality Control Manager,"Smart Village, Giza, Egypt ",Full Time,MB for Engineering -,https://wuzzuf.net/jobs/p/ylDDXPlcd8Np-Quality-Control-Manager-MB-for-Engineering-Giza-Egypt,https://wuzzuf.net/jobs/p/ylDDXPlcd8Np-Quality-Control-Manager-MB-for-Engineering-Giza-Egypt
Senior IOT Engineer,"Nasr City, Cairo, Egypt ",Full Time,Noases -,https://wuzzuf.net/jobs/p/uPujStCZE9Cz-Senior-IOT-Engineer-Noases-Cairo-Egypt,https://wuzzuf.net/jobs/p/uPujStCZE9Cz-Senior-IOT-Engineer-Noases-Cairo-Egypt
Payments Support Specialist,"Cairo, Egypt ",Full Time,Vodafone - Egypt -,https://wuzzuf.net/jobs/p/kCR0fp5NA8Wq-Payments-Support-Specialist-Vodafone---Egypt-Cairo-Egypt,https://wuzzuf.net/jobs/p/kCR0fp5NA8Wq-Payments-Support-Specialist-Vodafone---Egypt-Cairo-Egypt
Senior Computer Vision Engineer,"Nasr City, Cairo, Egypt ",Full Time,Noases -,https://wuzzuf.net/jobs/p/tl0dSru6L7td-Senior-Computer-Vision-Engineer-Noases-Cairo-Egypt,https://wuzzuf.net/jobs/p/tl0dSru6L7td-Senior-Computer-Vision-Engineer-Noases-Cairo-Egypt
Principal Applied Science Manager,"Cairo, Egypt ",Full Time,Microsoft -,https://wuzzuf.net/jobs/p/t5xezJNQr9Bc-Principal-Applied-Science-Manager-Microsoft-Cairo-Egypt,https://wuzzuf.net/jobs/p/t5xezJNQr9Bc-Principal-Applied-Science-Manager-Microsoft-Cairo-Egypt
Post Doctoral Fellow (Grants Position),"Doha, Qatar ",Full Time,Sidra Medicine -,https://wuzzuf.net/jobs/p/a0pMYsyULA5J-Post-Doctoral-Fellow-Grants-Position-Sidra-Medicine-Doha-Qatar,https://wuzzuf.net/jobs/p/a0pMYsyULA5J-Post-Doctoral-Fellow-Grants-Position-Sidra-Medicine-Doha-Qatar
Early Career Trainee - Field Service Engineer (FSE),"Dubai, United Arab Emirates ",Full Time,Baker Hughes -,https://wuzzuf.net/jobs/p/KqFtxmBfdECr-Early-Career-Trainee---Field-Service-Engineer-FSE-Baker-Hughes-Dubai-United-Arab-Emirates,https://wuzzuf.net/jobs/p/KqFtxmBfdECr-Early-Career-Trainee---Field-Service-Engineer-FSE-Baker-Hughes-Dubai-United-Arab-Emirates
Early Career Trainee - Services Specialist,"Dubai, United Arab Emirates ",Full Time,Baker Hughes -,https://wuzzuf.net/jobs/p/Y5bcrByArfVk-Early-Career-Trainee---Services-Specialist-Baker-Hughes-Dubai-United-Arab-Emirates,https://wuzzuf.net/jobs/p/Y5bcrByArfVk-Early-Career-Trainee---Services-Specialist-Baker-Hughes-Dubai-United-Arab-Emirates
Early Career Trainee - AMO Engineer,"Dubai, United Arab Emirates ",Full Time,Baker Hughes -,https://wuzzuf.net/jobs/p/X7G1A6ANurMw-Early-Career-Trainee---AMO-Engineer-Baker-Hughes-Dubai-United-Arab-Emirates,https://wuzzuf.net/jobs/p/X7G1A6ANurMw-Early-Career-Trainee---AMO-Engineer-Baker-Hughes-Dubai-United-Arab-Emirates
Senior Enterprise Account Executive - KSA,"Riyadh, Saudi Arabia ",Full Time,Incorta Inc -,https://wuzzuf.net/jobs/p/c9B8yaJq3731-Senior-Enterprise-Account-Executive---KSA-Incorta-Inc-Riyadh-Saudi-Arabia,https://wuzzuf.net/jobs/p/c9B8yaJq3731-Senior-Enterprise-Account-Executive---KSA-Incorta-Inc-Riyadh-Saudi-Arabia
Mechanical Design Engineer,"Abu Rawash, Giza, Egypt ",Full Time,Mina Co. for Engineering -,https://wuzzuf.net/jobs/p/DRGYi2SZ6pFp-Mechanical-Design-Engineer-Mina-Co-for-Engineering-Giza-Egypt,https://wuzzuf.net/jobs/p/DRGYi2SZ6pFp-Mechanical-Design-Engineer-Mina-Co-for-Engineering-Giza-Egypt
Front-end Developer,"Cairo, Egypt ",Full Time,Pixelogic Media Partners LLC -,https://wuzzuf.net/jobs/p/Q3yUB1yBDVEz-Front-end-Developer-Pixelogic-Media-Partners-LLC-Cairo-Egypt,https://wuzzuf.net/jobs/p/Q3yUB1yBDVEz-Front-end-Developer-Pixelogic-Media-Partners-LLC-Cairo-Egypt
Senior Front-End Development Engineer,"Cairo, Egypt ",Full Time,Pixelogic Media Partners LLC -,https://wuzzuf.net/jobs/p/GRvR59AZQbPA-Senior-Front-End-Development-Engineer-Pixelogic-Media-Partners-LLC-Cairo-Egypt,https://wuzzuf.net/jobs/p/GRvR59AZQbPA-Senior-Front-End-Development-Engineer-Pixelogic-Media-Partners-LLC-Cairo-Egypt
Senior Ruby on Rails Developer,"Cairo, Egypt ",Full Time,Pixelogic Media Partners LLC -,https://wuzzuf.net/jobs/p/4l8lbMZIYUnM-Senior-Ruby-on-Rails-Developer-Pixelogic-Media-Partners-LLC-Cairo-Egypt,https://wuzzuf.net/jobs/p/4l8lbMZIYUnM-Senior-Ruby-on-Rails-Developer-Pixelogic-Media-Partners-LLC-Cairo-Egypt
HR Business Partner,"Cairo, Egypt ",Full Time,almentor.net -,https://wuzzuf.net/jobs/p/LiAodNg33KR9-HR-Business-Partner-almentor-net-Cairo-Egypt,https://wuzzuf.net/jobs/p/LiAodNg33KR9-HR-Business-Partner-almentor-net-Cairo-Egypt
Senior Statistician,"Riyadh, Saudi Arabia ",Full Time,Professional Recruitment -,https://wuzzuf.net/jobs/p/yTeHpmhZ1sGc-Senior-Statistician-Professional-Recruitment-Riyadh-Saudi-Arabia,https://wuzzuf.net/jobs/p/yTeHpmhZ1sGc-Senior-Statistician-Professional-Recruitment-Riyadh-Saudi-Arabia
Commis I,"Kuwait City, Kuwait ",Full Time,Marriott International -,https://wuzzuf.net/jobs/p/s7xU0GzorciM-Commis-I-Marriott-International-Kuwait-City-Kuwait,https://wuzzuf.net/jobs/p/s7xU0GzorciM-Commis-I-Marriott-International-Kuwait-City-Kuwait
Heart of House Specialist,"Kuwait City, Kuwait ",Full Time,Marriott International -,https://wuzzuf.net/jobs/p/twpZCf6clobG-Heart-of-House-Specialist-Marriott-International-Kuwait-City-Kuwait,https://wuzzuf.net/jobs/p/twpZCf6clobG-Heart-of-House-Specialist-Marriott-International-Kuwait-City-Kuwait
Services Specialist - Technical Support,"Riyadh, Saudi Arabia ",Full Time,Baker Hughes -,https://wuzzuf.net/jobs/p/HJJoqIcRlPQI-Services-Specialist---Technical-Support-Baker-Hughes-Aggregated-Riyadh-Saudi-Arabia,https://wuzzuf.net/jobs/p/HJJoqIcRlPQI-Services-Specialist---Technical-Support-Baker-Hughes-Aggregated-Riyadh-Saudi-Arabia
IT Services & Consulting,"Dubai, United Arab Emirates ",Full Time,Beinex -,https://wuzzuf.net/jobs/p/qMWxwTQXCxUK-IT-Services-Consulting-Beinex-Dubai-United-Arab-Emirates,https://wuzzuf.net/jobs/p/qMWxwTQXCxUK-IT-Services-Consulting-Beinex-Dubai-United-Arab-Emirates
Software Development Manager,"6th of October, Giza, Egypt ",Full Time,Confidential -,https://wuzzuf.net/jobs/p/GlPKWHnxBFl7-Software-Development-Manager-Giza-Egypt,https://wuzzuf.net/jobs/p/GlPKWHnxBFl7-Software-Development-Manager-Giza-Egypt
Senior Software Development Engineer in Test,"Cairo, Egypt ",Full Time,Pixelogic Media Partners LLC -,https://wuzzuf.net/jobs/p/R4fhN9ZWYlWD-Senior-Software-Development-Engineer-in-Test-Pixelogic-Media-Partners-LLC-Cairo-Egypt,https://wuzzuf.net/jobs/p/R4fhN9ZWYlWD-Senior-Software-Development-Engineer-in-Test-Pixelogic-Media-Partners-LLC-Cairo-Egypt
Project Coordinator,"Cairo, Egypt ",Full Time,Pixelogic Media Partners LLC -,https://wuzzuf.net/jobs/p/oIotUdJeCWrg-Project-Coordinator-Pixelogic-Media-Partners-LLC-Cairo-Egypt,https://wuzzuf.net/jobs/p/oIotUdJeCWrg-Project-Coordinator-Pixelogic-Media-Partners-LLC-Cairo-Egypt
Operational Excellence,"6th of October, Giza, Egypt ",Full Time,Al Andalous Pharmaceutical Industries -,https://wuzzuf.net/jobs/p/OcZmwdWHxnj9-Operational-Excellence-Al-Andalous-Pharmaceutical-Industries-Giza-Egypt,https://wuzzuf.net/jobs/p/OcZmwdWHxnj9-Operational-Excellence-Al-Andalous-Pharmaceutical-Industries-Giza-Egypt
Production Supervisor,"Cairo, Egypt ",Full Time,Pepsi -,https://wuzzuf.net/jobs/p/h4hrOWiZZ0gW-Production-Supervisor-Pepsi-Cairo-Egypt,https://wuzzuf.net/jobs/p/h4hrOWiZZ0gW-Production-Supervisor-Pepsi-Cairo-Egypt
"RC RAK, Al Wadi Heart of House Specialist - Steward","Dubai, United Arab Emirates ",Full Time,"Marriott International, Inc. -",https://wuzzuf.net/jobs/p/GkFfe8jVqVpU-RC-RAK-Al-Wadi-Heart-of-House-Specialist---Steward-Marriott-International-Inc-Dubai-United-Arab-Emirates,https://wuzzuf.net/jobs/p/GkFfe8jVqVpU-RC-RAK-Al-Wadi-Heart-of-House-Specialist---Steward-Marriott-International-Inc-Dubai-United-Arab-Emirates
Finance Coordinator,"Riyadh, Saudi Arabia ",Full Time,Ritz-Carlton Company -,https://wuzzuf.net/jobs/p/tOJ8xs5r9vvk-Finance-Coordinator-Ritz-Carlton-Company-Riyadh-Saudi-Arabia,https://wuzzuf.net/jobs/p/tOJ8xs5r9vvk-Finance-Coordinator-Ritz-Carlton-Company-Riyadh-Saudi-Arabia
Secretary,"Wadi Alnatrun, Beheira, Egypt ",Full Time,falconmisr -,https://wuzzuf.net/jobs/p/kSZUl32SJXOY-Secretary-falconmisr-Beheira-Egypt,https://wuzzuf.net/jobs/p/kSZUl32SJXOY-Secretary-falconmisr-Beheira-Egypt
Systems Engineer (US Time Zone),"Cairo, Egypt ",Full Time,Pixelogic Media Partners LLC -,https://wuzzuf.net/jobs/p/ywe6H1MmXeDc-Systems-Engineer-US-Time-Zone-Pixelogic-Media-Partners-LLC-Cairo-Egypt,https://wuzzuf.net/jobs/p/ywe6H1MmXeDc-Systems-Engineer-US-Time-Zone-Pixelogic-Media-Partners-LLC-Cairo-Egypt
Loss Prevention Officer,"Kuwait City, Kuwait ",Full Time,Marriott International -,https://wuzzuf.net/jobs/p/XL75hbtZQKsw-Loss-Prevention-Officer-Marriott-International-Kuwait-City-Kuwait,https://wuzzuf.net/jobs/p/XL75hbtZQKsw-Loss-Prevention-Officer-Marriott-International-Kuwait-City-Kuwait
Solutions sales Consultant,"Heliopolis, Cairo, Egypt ",Full Time,Gulf Data International  -,https://wuzzuf.net/jobs/p/FruQNpSMo2dT-Solutions-sales-Consultant-Gulf-Data-International-Cairo-Egypt,https://wuzzuf.net/jobs/p/FruQNpSMo2dT-Solutions-sales-Consultant-Gulf-Data-International-Cairo-Egypt
Loss Prevention Officer,"Kuwait City, Kuwait ",Full Time,"Marriott International, Inc. -",https://wuzzuf.net/jobs/p/tUeyl1UGUclQ-Loss-Prevention-Officer-Marriott-International-Inc-Kuwait-City-Kuwait,https://wuzzuf.net/jobs/p/tUeyl1UGUclQ-Loss-Prevention-Officer-Marriott-International-Inc-Kuwait-City-Kuwait
F&B Services Supervisor,"Dubai, United Arab Emirates ",Full Time,Ritz-Carlton Company -,https://wuzzuf.net/jobs/p/Z3Qbp6kAt1td-FB-Services-Supervisor-Ritz-Carlton-Company-Dubai-United-Arab-Emirates,https://wuzzuf.net/jobs/p/Z3Qbp6kAt1td-FB-Services-Supervisor-Ritz-Carlton-Company-Dubai-United-Arab-Emirates
Restaurant Supervisor - Tamoka,"Dubai, United Arab Emirates ",Full Time,"Marriott International, Inc. -",https://wuzzuf.net/jobs/p/y9YPariSio0g-Restaurant-Supervisor---Tamoka-Marriott-International-Inc-Dubai-United-Arab-Emirates,https://wuzzuf.net/jobs/p/y9YPariSio0g-Restaurant-Supervisor---Tamoka-Marriott-International-Inc-Dubai-United-Arab-Emirates
Project Manager (Localization and Digital Media),"Cairo, Egypt ",Full Time,Pixelogic Media Partners LLC -,https://wuzzuf.net/jobs/p/pkCu0Mj1Ct9o-Project-Manager-Localization-and-Digital-Media-Pixelogic-Media-Partners-LLC-Cairo-Egypt,https://wuzzuf.net/jobs/p/pkCu0Mj1Ct9o-Project-Manager-Localization-and-Digital-Media-Pixelogic-Media-Partners-LLC-Cairo-Egypt
